
{
    "Bay_of_Bengal_5x5": {
        "xvals": [
            84.375,
            95.625
        ],
        "yvals": [
            6.976533553948639,
            18.138970990239347
        ]
    },
    "Chicago": {
        "xvals": [
            270.0,
            275.625
        ],
        "yvals": [
            37.6730896290453,
            43.35
        ]
    },
    "Chicago_5x5": {
        "xvals": [
            267.1875,
            278.4375
        ],
        "yvals": [
            34.8825209937735,
            46.0447266311017
        ]
    },
    "Florida_5x5": {
        "xvals": [
            275.61,
            286.88
        ],
        "yvals": [
            20.91,
            32.10
        ]
    },

    "France": {
        "xvals": [
            0.0,
            5.625
        ],
        "yvals": [
            43.25,
            48.83524097
        ]
    },

    "France_5x5": {
        "xvals": [
            357.1875,
            8.4375
        ],
        "yvals": [
            40.463648,
            51.625734
        ]
    },

    "PNW_5x5": {
        "xvals": [
            233.4375,
            244.6875
        ],
        "yvals": [
            40.463648,
            51.625734
        ]
    },

    "PNW": {
        "xvals": [
            236.25,
            241.875
        ],
        "yvals": [
            43.25,
            48.85
        ]
    },
    "Persian_Gulf_5x5": {
        "xvals": [
            47.8125,
            59.0625
        ],
        "yvals": [
            20.929574254489523,
            32.09194388174401
        ]
    },
    "extratropics": {
        "xvals": [
            [],
            []
        ],
        "yvals": [
            [
                -68.5,
                -40.25
            ],
            [
                40.25,
                68.5
            ]
        ]
    },
    "north_extratropics": {
        "xvals": [],
        "yvals": [
                40.463648,
                68.3677561083132
        ]
    },
    "tropics": {
        "xvals": [],
        "yvals": [
                -29.3013596217627,
                29.3013596217627
        ]
    },
    "global": {
        "xvals": [],
        "yvals": []
    }
}
